spread,rolling mean,rolling std,z-score
3.0105683781490598,-3.3681031144110527,8.539352890192497,0.7469736377666344
2.742600136967667,-3.3292528753860875,8.544814763337802,0.7105891912842296
3.621086629950071,-3.294994983044548,8.555341021056636,0.8083934463830924
6.448585102060235,-3.245130077868117,8.575422074544019,1.1304067713126291
2.674020818333389,-3.2139824778970567,8.582635716332158,0.6860367247121983
2.4461647327722744,-3.182611075740156,8.58884151110364,0.6553591425846615
2.0798133706903172,-3.1470665568084515,8.592023784285121,0.608340951878971
3.5741116541583438,-3.0841391233534354,8.582907393186382,0.7757570334263995
6.204997756001546,-3.009892429852539,8.582012185510719,1.0737447100590085
0.874264562858798,-2.9767084994705226,8.580794636353028,0.44878979459716384
-3.7441344168879027,-2.9222650515624564,8.531895382455815,-0.0963290486443916
-9.708964971619736,-2.8836201651894298,8.47863574476655,-0.8050050753322266
-3.200627718228162,-2.794287246941972,8.35483826182948,-0.04863534859108246
-0.5911914835505172,-2.7068644487463227,8.261279583069962,0.2560950690413026
-7.563816973270434,-2.6475354760524095,8.171660709860147,-0.6016257492538704
-3.448412630025615,-2.5812074279147295,8.096412110372889,-0.10710981485241437
-4.417709378550342,-2.5192275314373878,8.02169284789842,-0.23666847922385006
-6.388654705180443,-2.4630695204343036,7.944190043145783,-0.4941454274665948
-6.710215079802822,-2.421864487663077,7.894775792654874,-0.5431883950560739
-10.20351543041238,-2.395192778454184,7.856846375173121,-0.9938240203641686
-10.890673039847627,-2.3848969745356707,7.843945222719388,-1.084374740491
-1.0705553970337576,-2.3513750330247754,7.831379975017348,0.16354967324748926
1.128510993104726,-2.3172958838749227,7.827747981772082,0.4402041155391887
1.2075363410395425,-2.2936711986640774,7.829372881134773,0.4471887586475715
-6.205405461416575,-2.307695299455216,7.833216250267485,-0.4975874580033791
-5.515288171584132,-2.335813037692394,7.831957319537164,-0.405961754408492
-7.090150326106681,-2.3613023536783033,7.836954789758467,-0.6034037581291342
-4.1989673822054385,-2.3797869329876717,7.835769178096566,-0.23216360868604285
-2.4950551097958,-2.3881618342167967,7.834755973628002,-0.013643472233061081
-8.35428329722447,-2.4015762820181723,7.842091254711243,-0.7590713780115893
-12.895257913530827,-2.4141469409067136,7.856407106057206,-1.3340845034040165
-12.991766916146588,-2.423203918886563,7.86731609468502,-1.343350498450152
-10.522576628064371,-2.4181476186619437,7.861675170381303,-1.0308781314109356
-8.706369000448063,-2.406453206942779,7.850066145531548,-0.8025302814921316
-15.592778454109975,-2.4108102284090402,7.857103823443258,-1.6777133816623202
-12.984080402105405,-2.408637255720388,7.854091111589978,-1.3464884728392374
-10.00463243639615,-2.3747013415809435,7.802346555983506,-0.9779021016394003
-9.59720822648731,-2.322341115989393,7.708493221915841,-0.9437469685793988
-9.120527535717656,-2.291671568318628,7.665721528081806,-0.8908301641773586
-8.736311159268382,-2.2529918241388636,7.6080693470478975,-0.8521635436518717
-11.059528693104966,-2.2213461672471073,7.554385852233989,-1.1699405747515828
-14.944853579695035,-2.2145858044452895,7.5421761030108,-1.6878772918293283
-11.646722957121824,-2.184475101828793,7.48891469813775,-1.2635005520420717
-12.602169985082838,-2.166089137858469,7.4574374039832145,-1.3994191679906267
-15.631394631636397,-2.1836659342441904,7.483992129377906,-1.7968656921222637
-15.510207219122094,-2.2060708206341406,7.515462058387856,-1.7702353222100928
-13.409078431158207,-2.223293636552326,7.5361964440642515,-1.4842745777170077
-11.602130699756572,-2.2297664838014963,7.543574336313943,-1.2424301528835657
-10.594116821547544,-2.239342577394738,7.5526852622932195,-1.1061991800272701
-10.940745150221517,-2.249680140086831,7.562838712476125,-1.1491802669012852
-12.912666818867592,-2.3261080707225252,7.572925750705145,-1.397948309100919
-10.442604431829523,-2.3842405396814064,7.578801853761243,-1.063276761635993
-7.150582682228787,-2.442464653102375,7.558728852462484,-0.6228716654643063
-7.162833067773306,-2.493466047127589,7.546991456907546,-0.6187057514649734
-7.872753560617525,-2.557234214464389,7.52415943737954,-0.7064602219546251
-8.468333829447943,-2.594127623947798,7.5302813967591895,-0.780077914223528
-12.350200726487572,-2.6295879213280595,7.55515738408187,-1.286619498574588
-11.563377576992366,-2.622499657314427,7.545892004970601,-1.1848669333974617
-12.564023403007184,-2.642722879825376,7.565732190450538,-1.3113470412955492
-11.330553252049782,-2.6422321880153397,7.565162414320598,-1.1484645785776841
-12.926329335300096,-2.646503916406604,7.5706841889904215,-1.3578462873729176
-12.183279108348728,-2.6575855612043497,7.582629794068775,-1.2562519608428584
-12.622431758143904,-2.650954118083294,7.573137735710037,-1.3166903848904723
-10.093238406467151,-2.6223338175439688,7.53104599039908,-0.9920142033984962
-7.872646163266836,-2.6052204673330213,7.514109821697664,-0.7010046194325843
-9.581037582044303,-2.607833299436629,7.516429394178056,-0.9277283024848015
-7.64954963295861,-2.603811090764934,7.5134467590312015,-0.6715610962610034
-5.7389372702993455,-2.5819517189068697,7.496192312202266,-0.42114521878708344
-10.232737076980612,-2.5818668787399117,7.496105254952789,-1.0206460472504246
-12.313473649563775,-2.60547159202351,7.517401090098253,-1.2914040292897797
-9.525781449904002,-2.596702957862718,7.507991868310413,-0.9228937129363984
-6.6345677756892485,-2.5747433323779907,7.487950743130463,-0.5421809761550301
-4.706267212104251,-2.5522785919495075,7.4729557541329195,-0.28823783935338837
-1.360330225460416,-2.5122750960236493,7.452135804719888,0.15457915700269942
-0.08224023544485703,-2.464630683695101,7.429011387396145,0.32068741371054316
2.356350970920687,-2.4157839269100325,7.420040484591277,0.6431413558646623
1.4628927920726653,-2.3690330654644307,7.407154505741569,0.5173276532259214
0.3787294533997283,-2.3249687473604195,7.390254463960186,0.3658464284207242
-0.014276223989384107,-2.289270326372775,7.379552322995248,0.3082834842561297
-0.04626720203134482,-2.256736958062542,7.371259845363706,0.2998767920820908
1.837803925065856,-2.214122025304283,7.363732239844567,0.5502543843793628
4.743212651321301,-2.14832779991052,7.351471606722069,0.9374368588909879
3.737933555327629,-2.096789841002728,7.347012843510524,0.7941626781670944
2.7922218542680923,-2.0312241513029043,7.31644108538048,0.6592612377087379
5.301661370155472,-1.9537791429699622,7.290209526646376,0.9952307250712262
5.171347398705734,-1.8932228497421302,7.285744424835857,0.969642885683164
6.5236377770879415,-1.8188136301760691,7.275525563512877,1.1466458793165157
5.582075102648673,-1.7506500141479968,7.2640238724222534,1.0094577393440625
5.834211003736158,-1.697063619812441,7.269992285614193,1.0359398370272592
9.179032423228847,-1.63340747493135,7.294771977119511,1.482217666580129
12.45588065110644,-1.5749597595311164,7.348435726707034,1.9093642419221415
8.820072621930422,-1.5320671791422824,7.3774984096455745,1.4032046130349536
8.043547553530658,-1.4845008491290863,7.4004971855798845,1.287487605728094
9.898021210617173,-1.430616508817871,7.4338016781672165,1.523935963035819
6.609019272362218,-1.391449990725988,7.450102897838416,1.0738736595717993
7.449929280193544,-1.3569549078426995,7.470889154046455,1.17882677770238
3.9963367247332258,-1.3374002067723114,7.478452629469521,0.7132139756408249
5.036981778646947,-1.3083450044868299,7.488972738303884,0.8472893419252688
13.842010584214648,-1.2521217524524586,7.5493159653127995,1.999403973289876
10.210213182793638,-1.2026789842040169,7.583482168241769,1.5049672319126366
12.247688690116433,-1.1348862657939207,7.627106804519852,1.754606995667058
14.694074549962977,-1.0645196692143422,7.69100668207561,2.0489637924647424
14.751976068473596,-1.0055634275525283,7.755068377836281,2.0319020707877486
12.87746019768133,-0.9574907627675107,7.803472540691554,1.7729223609496767
9.34209563762576,-0.9104914103426506,7.829757371606055,1.3094386660241275
7.415498607418272,-0.8681161510416784,7.845854392236561,1.0557951173114495
7.403704685697647,-0.8108293394157529,7.853364979015066,1.0459890820130493
4.6178288788148905,-0.7557265019458426,7.842496019717148,0.6851843299953041
2.289613895892302,-0.7110592269973486,7.82758544453942,0.3833459429028579
3.244294442061289,-0.6651099157295581,7.816632052052481,0.5001392328252576
2.1421011659776923,-0.6257480752330732,7.805643003351595,0.35459593015236585
14.372660503304786,-0.5418722842835151,7.852840865895837,1.899253154659066
14.429198939190599,-0.45995185645289016,7.9009568258306855,1.8844743901100969
10.41282858867001,-0.3968799853260409,7.924118694225715,1.364152783561036
10.324266992872765,-0.3340884257921892,7.946188945523276,1.3413166351486845
9.77469535054368,-0.27041504649048276,7.962697034522088,1.2615211094286045
7.455315190125418,-0.20830727409667604,7.961671878324034,0.962564469039048
6.432548925463664,-0.15494607293838433,7.960936128130899,0.8274774338565993
1.9410015057643761,-0.13244818836983754,7.958807774212051,0.26052265024575144
1.0999045782248231,-0.10809206039022892,7.953125686360375,0.1518895445958774
-1.5255198413895243,-0.0929057317301662,7.946722918043304,-0.1802773450684381
-0.12290159825539604,-0.07903496858010396,7.9435948440769595,-0.005522264231288265
-0.8079861884119737,-0.07746940549515824,7.943411417319483,-0.09196511983806191
-2.547828334758293,-0.07186646005668713,7.941159739707364,-0.31178844852110316
-3.323897062413579,-0.0718055183461106,7.9411346242471925,-0.40952479688955806
-4.1271230467200155,-0.06614829006543206,7.937721541655565,-0.5116045877073673
-1.029698910710323,-0.051445211594962674,7.932469003570345,-0.12332272570810622
-0.8886725606010089,-0.038967792481472086,7.9286532841083694,-0.10716886432940947
-1.5805521663749857,-0.031164060475047127,7.926154060010353,-0.19547791957729307
0.10941746531551644,-0.011643797200154578,7.920393996347489,0.015284752573104158
1.7842365098897517,0.01408669239479065,7.915633833325675,0.22362704677450324
2.161489685908805,0.03390778310533607,7.914728822544216,0.268812987849096
2.251934034770386,0.04605641455397967,7.915778557152836,0.27866843473319963
4.451436250238629,0.0663980234816087,7.9205041223831945,0.5536312031408437
6.2492130562998796,0.09301126855345816,7.929998821166471,0.7763181214244959
7.2031064179660405,0.14789134462803183,7.9311643934410645,0.8895560252379272
6.446188620767458,0.19660348972640684,7.932004271155744,0.7878948267548583
9.20681484761434,0.2631979211734536,7.936942326378071,1.1268340575837594
10.734317647741136,0.3307256065895407,7.953401490862993,1.3080682589837096
12.24680838267264,0.40675391973308056,7.975430398847481,1.4845662078187718
9.714904472454862,0.4852515414820621,7.969283637973801,1.158153398756359
9.28658372713926,0.558636531788481,7.9648274317253955,1.0958112112493152
11.538441818887264,0.6339694015734705,7.978586438582806,1.36671733787103
13.439659763734113,0.7177392918233,8.001835892360624,1.5898752040211757
13.200493165517685,0.7926455021718808,8.03004832800761,1.545177208967608
12.966897326934202,0.8463246000425678,8.06610060225136,1.5026557843214372
13.014034956763396,0.9010502657760842,8.1017485032454,1.495107467991026
10.460676392317993,0.9434327247822638,8.123768244650602,1.1715306715947629
11.240511031671645,0.9835644917721628,8.149618910568648,1.2585798983309506
7.9435874158928925,1.0056663754878408,8.160949220205843,0.8501365286316604
6.8291032835859085,1.019825939767898,8.167970187139753,0.7112265606655322
6.905439736189862,1.0325157867927492,8.174643949977781,0.7184317733389569
6.310094580274807,1.0281600779461506,8.171525332376362,0.6463829318867959
9.476761325569043,1.021910722299279,8.164428258345284,1.035571669654593
9.331219323889627,0.999537698965978,8.133723287965097,1.0243379728999948
11.344755252603761,0.9799250643536122,8.102613055470307,1.2791959973026916
11.993947627144365,0.9630594750787983,8.075090720076624,1.3660389133016324
11.569608806597557,0.9590102829917839,8.069491143053794,1.3149030509488024
8.56583629810936,0.9577200601835641,8.06824375332697,0.9429705485519773
8.780973399817697,0.962306297330618,8.072376295080407,0.9685706930253056
9.887715089295227,0.980949278015416,8.087588897106395,1.1012881496074194
6.039014362169723,0.9700266988297418,8.078852385960223,0.6274390744097623
6.301129076999331,0.9547987522533777,8.065106541444745,0.6628964288658035
5.568780180404161,0.9223638616168233,8.029833192101576,0.5786441894406618
7.928932357705833,0.8933178244933139,7.990949499154868,0.8804478784350487
3.4085358050045897,0.8291428061591081,7.904748232344239,0.326309317264686
3.4116198639977426,0.7641735063349655,7.815111906102886,0.3387598782296853
5.115737263617206,0.7005934542140266,7.713210523601022,0.572413237768325
4.40695867502626,0.6777082534281731,7.693521085071512,0.48472609360027813
6.275914732239528,0.6699386876697605,7.6868456051441125,0.7292947370789122
4.823031248216182,0.6586163540487022,7.678581422587907,0.5423416989389624
4.083662657784032,0.6454866502858948,7.669845268377742,0.4482718864842693
4.941191189481657,0.6387516773797177,7.665305684582389,0.5612874018521727
5.196830836478256,0.640245729716708,7.6661606116815015,0.5943764209450998
5.202774605000229,0.6382955354573292,7.664932219671762,0.5955015567950275
6.223498405445781,0.640922224682773,7.6667392995118435,0.7281552121015072
-1.335970043001737,0.6130997970250236,7.661116710064688,-0.2544106706358091
3.042535255579253,0.6153625510215478,7.661752210975954,0.31679081203913434
4.767380317483827,0.6251787306860883,7.665494769458591,0.5403697623408984
4.979760703692364,0.6434551027080643,7.670382710381732,0.5653310616581338
7.1331152232313,0.6723067661411328,7.681099980317526,0.8411306289002485
6.374064354210475,0.7036904489629067,7.688200411520677,0.7375424158754472
5.557152446689969,0.7183763357051627,7.693943401437172,0.6289071622337329
3.466278372470242,0.7090474172024899,7.689160221063289,0.35858674757676867
1.9902033463171733,0.6924288015152869,7.681814998320401,0.16894113501635225
2.1981853255780095,0.6783269470351578,7.675749601573199,0.19800781128026193
2.5485072569891827,0.6684008374064324,7.6716901651759235,0.2450706922598505
3.6342917718510535,0.6671638482033899,7.671184689389853,0.3867887482557354
-0.1751266075101796,0.6622609555937379,7.671327188285934,-0.10915810818010771
-1.2905677316285278,0.6651874089806732,7.670437419835916,-0.2549730913065761
-0.8523180883521775,0.6821985314736598,7.662262797877872,-0.20026937998665806
3.8951941391295577,0.718914969918563,7.655372188892167,0.4149085231701379
5.289034557651803,0.7610518113538097,7.651170108691685,0.5918026500488116
4.050979799706681,0.7955225927852395,7.646325872319568,0.4257544422356505
1.9749419223144287,0.8154238729167634,7.642828510753218,0.15171321033387836
0.905123116390655,0.8384144342843829,7.634311271852662,0.008738009197008225
-0.13716781842680348,0.8777406691642659,7.603475140705519,-0.13347955623050767
-3.1874995867956386,0.9124048177412082,7.5646981691988415,-0.5419785843181973
-3.4045344845602585,0.9512847354272677,7.5168920357018525,-0.5794707705391199
-4.133869418437882,0.9780136121842917,7.486606059506579,-0.6828037952031742
-0.6761886436614759,1.013939261709305,7.456681849882411,-0.2266595168462811
-1.6951270405839978,1.0422936499248308,7.432607159521067,-0.3682988528463031
-3.110618318307047,1.0519554642531248,7.425588753097098,-0.5605715480572536
-6.464576331527127,1.043944376655768,7.432629260386258,-1.0102105789402298
-3.813085602225385,1.030350226161245,7.438388086158391,-0.6511405122031024
-6.298868108788952,1.0205447616036754,7.446442143980644,-0.9829409439928704
-4.926812602824924,1.0141493716655237,7.450871481413359,-0.7973512882768855
-6.8061891508166354,1.0028049447759868,7.460625807885722,-1.0466942447828815
-7.358775541175618,1.00356334644716,7.459762593014442,-1.120992629906686
-3.928546946666245,1.0030909789566733,7.460072343355039,-0.6610710591856002
-7.906770255611491,0.9852494932884573,7.476029753970349,-1.1894040074115007
-3.7012906262077365,0.9778680763058738,7.479748888512498,-0.6255769775506671
-4.9161974165151605,0.966055142234963,7.486721912389243,-0.7856913382899935
-7.12141655993338,0.9165396654967234,7.49882214944072,-1.0718958344717633
-6.027963294937393,0.8836633250774367,7.511073628341202,-0.9201915680782964
-2.502061272651389,0.8570830070371511,7.511156461873501,-0.4472206506068004
0.2752332600644536,0.8449587729774004,7.509613714993512,-0.07586615431036708
-4.923328917218896,0.8312672060813122,7.516998414210448,-0.7655444109741302
-4.054915321894498,0.8261986818212781,7.519871575774461,-0.6490953940543961
-4.9651461458820165,0.811002252593462,7.527717241340006,-0.7673173969333722
-3.1958667311951103,0.8173279816008256,7.523660550400994,-0.5334098589259244
-0.2537498848832911,0.8410752100709161,7.5107357970953945,-0.14576802120740368
-2.1544276283169665,0.8489415642307582,7.506538429247539,-0.4001004218996298
0.6927444915336309,0.8669395228516634,7.500679597000888,-0.0232238997900515
2.2163633919381596,0.8897675087764796,7.495977673047048,0.1769743642556009
-1.1287255795525653,0.867345800514862,7.493521190665829,-0.26637295462029226
1.49348703317105,0.8449599692182587,7.4831427160419715,0.08666506687925551
2.398429490028434,0.8411886320314524,7.482115219646577,0.20812842522231823
1.688955996584241,0.8288167129951846,7.478108584099175,0.11502096738980022
-4.340669407145782,0.8052439087192476,7.4850284664426985,-0.6874941543556552
-3.555812736689745,0.7691286854033957,7.484023131175442,-0.5778899057750326
1.3354551621538349,0.7412664183560399,7.468716779209933,0.07955700575656992
1.4074537721826914,0.7306274551200701,7.465838749353257,0.09065643389649324
-0.5763790292414228,0.6957101358776652,7.451221028261912,-0.17072224274305525
-2.853169187049616,0.633599753100717,7.415079852676417,-0.47022675539924363
-6.2973557603647805,0.5740841581392282,7.410261317708474,-0.9272871257702031
-6.664599864814505,0.49212308352226347,7.3754289649062,-0.9703466716837652
-1.6719872150787864,0.4723559966463077,7.37452365210872,-0.2907771827556518
-2.1927947233850205,0.4455763532332152,7.371889156110125,-0.3578961946859232
-0.7632124754975393,0.4200570723112845,7.364867400093017,-0.16066406678195988
-1.7368015186028742,0.3885403451551381,7.35700078598573,-0.2888869969684593
-1.5570689062705014,0.3646544715287299,7.3534927478149745,-0.2613347756914909
-3.2297975040370375,0.3200589939677219,7.341019372710902,-0.48356451846466975
-4.718167577742804,0.28803421639625604,7.345341389691543,-0.6815478721199761
-7.336225546929313,0.24091513259339473,7.356048422744357,-1.0300558457574518
-7.591742639070219,0.19284426548294337,7.3675321626654435,-1.0566071152021732
-5.858232968518507,0.14914550948158772,7.370647011741684,-0.8150408598363403
-4.37845305725412,0.10575430459524472,7.364962548001693,-0.6088567772915624
-3.890748476052437,0.07342336772788145,7.364551065897996,-0.5382774602700032
-6.0061128942647315,0.03812535482310097,7.3723152584703655,-0.8198561831906673
-7.051618697322482,-0.0053851934642389935,7.381704942628582,-0.9545536645832284
-3.3573520860904296,-0.027336312157885685,7.383421892835827,-0.4510125281021359
-3.646779479604078,-0.053754359212461626,7.384418898757881,-0.48656843140304407
-5.950760043526799,-0.08825182024616983,7.391605942113105,-0.7931305144230485
-5.291486176134185,-0.12361917265126608,7.395108397578202,-0.6988223465629423
-8.386650030659808,-0.18248915333666307,7.40162713378441,-1.108426664709386
-7.687150945262488,-0.2236049143033134,7.414462940055174,-1.0066199118264978
-8.147269151923922,-0.2656423503536951,7.429281707016571,-1.0608867872282242
-4.456224703134666,-0.29157900937681014,7.432469197725616,-0.5603313761505079
-3.463932095975224,-0.31950775441702267,7.4311085348483195,-0.4231433744793749
-2.085160461317173,-0.35240520766035094,7.420452118522392,-0.2335107384267927
-0.2766897800003676,-0.356972486798681,7.420048291268652,0.01081970138830282
-1.196201795345246,-0.3468616430624006,7.417149815016321,-0.11451031372769656
-1.0375808001637097,-0.3124513884137656,7.393620509983944,-0.09807501085168878
-3.7266257954369166,-0.3145386823709432,7.394513313255017,-0.4614349813867594
-2.9906517834843385,-0.3240603502278234,7.396415576865371,-0.3605248252406373
-2.0037160732642008,-0.3019964577674812,7.383013857796602,-0.23049118534427124
-0.968114191081952,-0.2921540036446889,7.380455417773845,-0.09158786947068258
-0.7628274514486293,-0.2776505039339678,7.375905639140768,-0.06577862722918193
3.7072714098279675,-0.23758730506488682,7.369996983190112,0.5352592034827832
7.453546475130565,-0.18138190206911942,7.374445292712743,1.0353223970275223
8.67984942800382,-0.10644791453572179,7.368138726512576,1.192471758291418
10.781316350578948,-0.020447956637203633,7.368241491121038,1.4659894521959704
14.265480116019035,0.04040932714475189,7.422665932611852,1.9164368864259034
12.439129075495885,0.0852927322336057,7.463356695290572,1.6552654318475268
10.686036637288169,0.12290582864729072,7.492861093323297,1.40975932652127
9.021828922111268,0.18333136191525834,7.503016127397559,1.177992611254278
12.484154511070528,0.2547577217670626,7.534160809219513,1.6231929605668116
10.786728263273005,0.3256977161693629,7.54887524866122,1.3857734036549203
12.453969317830627,0.3917807983123632,7.58192619144165,1.5909134717156517
10.181093523327831,0.4420829754279331,7.60471283475837,1.28065460978177
10.713460812918896,0.5177486266586607,7.6116989930828876,1.3394791616859212
10.578174915003729,0.610897169629036,7.5905018411892975,1.3131250019976277
13.023491592953235,0.7141323224429241,7.581666818747691,1.6235690072890225
13.975829569019083,0.8113482200503982,7.5940653492368595,1.7335222629196372
11.192444433436776,0.8903117654229571,7.598158693200918,1.355872269058095
7.569612039213666,0.9822260134123366,7.537826980493449,0.8739104841286898
4.393051599685862,1.0511828864353179,7.488877669559004,0.44624426525681726
5.5397422847004805,1.112866913106336,7.4614180929875396,0.5933021466461788
2.7789721892031594,1.161978740152727,7.431312327470465,0.2175919107952281
2.9802135893765467,1.209997554141196,7.403649393397313,0.2391004680494536
0.4548318001709504,1.2464703436627806,7.377046910513565,-0.10731103558032262
-0.07366161488022271,1.2900650542906567,7.336383248530247,-0.1858854183284502
0.6097657007961743,1.3517897339751455,7.264327080694628,-0.10214628621981288
2.312514949337242,1.407183535191253,7.217886933304174,0.125428871706023
-0.33279796210507584,1.4558715194094185,7.164192449225997,-0.24966798340373145
-1.1076605482044783,1.5135053848198627,7.0841552027350145,-0.3700040241936504
1.8287542237473247,1.582310787370932,7.001877541552942,0.035196764712587966
0.4532740022681878,1.6373201224242113,6.937791013358296,-0.17066615553512848
-2.0473207718213757,1.6752360348366524,6.891099468048777,-0.5401978049973025
-3.409567071616493,1.7037461528919344,6.854903032627882,-0.7459351649717207
-2.4449563105843026,1.7374596006682728,6.813232888828804,-0.6138665710532513
-5.0308269962994245,1.768736742821321,6.76362214649436,-1.0053139563162934
-3.9876206213930914,1.7943517579421002,6.729327551159894,-0.8592199347375485
-5.966369249537877,1.7990510175956358,6.723467122055384,-1.1549725946692218
-4.0277664376602615,1.8114917581913224,6.709704863515946,-0.8702704984242421
-1.117495745594681,1.8382983368223655,6.684306486115139,-0.44219906561090805
-3.579769627338777,1.8576974011164495,6.661329866616988,-0.8162734975346131
-1.6957621565214254,1.8999769192512357,6.604361246082368,-0.5444491816533525
-4.375758123761642,1.928499218668818,6.561365973582806,-0.960814770554255
-6.169498108043598,1.9538743190456576,6.517312057543013,-1.2464298709906672
-5.1114466590900065,1.9785533134621647,6.478466855927088,-1.094394727985001
-2.588986253048404,2.0195745161695124,6.416142048156325,-0.7182759880670323
-2.1779766924186106,2.0592780971851083,6.3586023273949905,-0.6663814737003139
1.6949125668480747,2.116092955617616,6.290495718695611,-0.06695503941251811
-2.418412469335408,2.1465486140982977,6.249594300260819,-0.7304411877172879
-6.237631163189633,2.153036768860509,6.239992547977254,-1.344659928283095
-6.7841115339059,2.1641356817499466,6.221498305588389,-1.4382784943649647
-7.100026295640987,2.1663163299139057,6.218140282615728,-1.4902112535899408
-6.773928155096542,2.1622092232282024,6.223721839786046,-1.4358188891410903
-7.209877875018606,2.174204696251861,6.20261420290267,-1.5129237873409809
-5.9747612543874595,2.1993583168676403,6.156307794594688,-1.327763302938179
-4.722790600175841,2.218417804366562,6.1272291631458495,-1.1328462213054618
-3.870119243520861,2.2293878382243726,6.11377578616986,-0.9976661387457315
-0.8453458326325745,2.2447089548095778,6.101150491661013,-0.5064708355687351
0.7803303655310287,2.2532036396944646,6.097600364247552,-0.24154965661564629
-1.2890563927484209,2.2484146866892916,6.099915357448711,-0.5799213385998948
-8.107044345349664,2.2068932767040916,6.134690151172371,-1.6812483382037982
-7.032873780217329,2.1731799172902426,6.162078339076803,-1.4939851769049102
-7.0952638364580025,2.1435212137590614,6.188678746632641,-1.4928525826686405
-9.499233630762149,2.1058824938909155,6.230555905831021,-1.862613272403531
-8.400332686934462,2.072731440379395,6.2641865809811295,-1.6718953038709634
-13.655422261539002,2.011250384083344,6.342048226298816,-2.4702859528340935
-12.407546885410454,1.9431918144931386,6.404333176576865,-2.240785778040065
-10.097296231028736,1.8882901089917246,6.448039023481736,-1.8587955650349997
-4.053845071271837,1.8611231767475183,6.458628655215379,-0.9158241731769151
-8.883315041112837,1.8048335878139141,6.490259969889471,-1.6467982297338961
-11.68705674334393,1.7379351586787963,6.542098418903763,-2.0520926226408416
-12.009517302773617,1.6643908924888693,6.592065880176663,-2.074297867134792
-10.438225419816206,1.600818271367977,6.63126576412631,-1.8154970890041482
-11.47507902268751,1.5321306125329626,6.676731205037025,-1.9481403752494397
-12.70961861929564,1.4452708861737384,6.71909768750798,-2.106665234498061
-14.426503984143096,1.33859475666878,6.7568842594206036,-2.333190585413952
-13.70100554158114,1.2492253988770674,6.806292811406968,-2.1965306745843276
-14.795195973117814,1.1585954642475098,6.867244803872629,-2.3231720861863754
-16.401556658997833,1.0542320600030057,6.93342229272802,-2.517629531567548
-15.19845193959739,0.9676944758285632,6.999591743175675,-2.3095841884188895
-14.36589062026917,0.8811237619378379,7.053799032945206,-2.1615322907549364
-12.132393080686654,0.8171208658845844,7.098451394854864,-1.8242731021525866
-9.276343662146246,0.7603219554052464,7.121777633593229,-1.409292192753789
-9.607538607027607,0.6672681887733327,7.103343236391836,-1.446474773056308
-15.586930425766923,0.5648985712790447,7.150994998984484,-2.2586827426588463
-17.983377441722524,0.4449340231368267,7.207577741061875,-2.556796766807312
-12.689908357734026,0.3362674242967592,7.1983159148727545,-1.8096143509229479
-11.816064249208466,0.23083869287738593,7.180878556928988,-1.6776363569693753
-11.585434632221705,0.1337637133936437,7.174582118953644,-1.6334328817083077
-10.51671485644107,0.05495890984575948,7.1820954119969524,-1.471948388297367
-9.415308721958183,-0.011830008127956619,7.191625949792029,-1.3075594836939706
-13.27093844082384,-0.09387224275701014,7.224545379745536,-1.8239301582919747
-8.532691063204084,-0.14605684570152988,7.237858447910205,-1.1587176342090575
-4.119884062286843,-0.17149136140858998,7.240526469164221,-0.545318454078384
-3.921163145734454,-0.19992571691571595,7.2411286049649775,-0.5139029606886447
-6.0924861216115005,-0.23260265059662544,7.249093337736807,-0.8083608801820659
-4.632757154584226,-0.30802097463586753,7.195201532977635,-0.6010583803840481
2.066593451249531,-0.35707893292134796,7.13622397803634,0.3396295283935014
1.7471480792888485,-0.3914665539903208,7.104930034617012,0.3010043199383103
2.5242513361513943,-0.4224189970725485,7.074988425320843,0.41649118784110445
5.345458266054322,-0.43999533470941105,7.055028492114688,0.8200468087733535
3.1493949909026924,-0.45708231962696155,7.041030688595767,0.5122087191540013
2.406667321037844,-0.4730580402794449,7.02989465374922,0.4096399026095589
1.9893635030648795,-0.4728661275917445,7.029961478766959,0.3502479548562895
-1.6619502387231364,-0.4838258689288396,7.029652618673676,-0.16759354035001806
-1.0257707358386483,-0.481842737557606,7.02942806454959,-0.07737869899034161
1.8179688451139668,-0.47414087071883865,7.030886025396943,0.3260058131440695
0.9927851675365957,-0.46699495263967766,7.031460459613917,0.2076069585487546
2.9489985585537966,-0.44518214750748686,7.0335053933995475,0.48257312907536615
7.412314029065612,-0.40257813523971225,7.048498913065429,1.1087314136942368
8.935698418433446,-0.3507415421240239,7.069002423417424,1.3136846480338384
7.8384889625526455,-0.3155503204047264,7.087658327276533,1.15045603307046
9.819009708698559,-0.2730595177487758,7.116247584730931,1.418172865163027
9.9950126103071,-0.22712473688892623,7.145075463638631,1.430654917392629
15.250570178737945,-0.16704079754994833,7.211272160065368,2.1379876718102033
17.7845236436454,-0.10354759463821957,7.298433292850742,2.450946733431964
17.364844228888444,-0.04321682264226862,7.379617225732342,2.358938210349137
18.667806087074723,0.021925526771637477,7.471836001717289,2.4954884657556202
14.403909078815843,0.0614194665675788,7.521480385791513,1.9068705728917423
18.77446825558576,0.11112286021553865,7.603471193932369,2.4545822453123414
23.038621518366483,0.17396220585204833,7.726754160476372,2.9591544958775775
21.501293677404902,0.23370468623553026,7.832916551691183,2.7151558236092206
19.429101730750006,0.2742693167241639,7.905702190056357,2.4229134811223254
18.542390219391223,0.30525373169102926,7.961961761565376,2.2905330412080063
14.33566803835268,0.3135428573088072,7.975519339286368,1.7581457187336644
21.3882942255471,0.35986583251949067,8.063753658778213,2.607771675928621
20.580793861482164,0.4046841267033911,8.14454779160989,2.4772535260414585
17.339038267448785,0.42770236657863525,8.184239691541553,2.066329498920723
13.392239921088105,0.4275141925998812,8.183939865256885,1.5841667878728083
13.027182937430723,0.42682645359953614,8.182869421110198,1.5398457234725924
12.274204186416142,0.4240776712958931,8.17875549915906,1.4488911566483045
9.888625818348942,0.4116752540799627,8.16194021950035,1.1611149199092186
8.847358545105124,0.40527319913070525,8.1546560661806,1.0352472596589155
8.455550845714157,0.39422176982135015,8.141790311476804,0.9901175008805402
8.902277655171872,0.3980260961676953,8.145554983821695,1.0440358669108376
9.129413487722331,0.4071543112634748,8.15407505456728,1.0696810022092358
9.159069904279505,0.41609728812097335,8.162461960106267,1.0711195542336969
7.226826374955721,0.4197351127030405,8.165303035610417,0.8336605797195374
4.943454866244764,0.40174580135651555,8.15024951467763,0.5572478556281216
5.009320522714802,0.3845954092883615,8.135919197975264,0.5684330191697783
1.3219030143416148,0.3448221861206546,8.106571846030446,0.12052947247971514
-1.7804892967088222,0.29016172213711017,8.074085541217976,-0.2564564133331655
-3.2433355905310464,0.2313801967516792,8.045511514573189,-0.4318825199602064
-5.923859537385368,0.17388140375368424,8.037483108846047,-0.758662986728754
-6.635350841766808,0.11270551390612668,8.030376919247875,-0.8403162670358141
-7.5438661433278185,0.04353257250682888,8.020911862439016,-0.9459521368593439
-6.46468090607226,-0.006085265859210736,8.022349865334641,-0.8050752894885915
-8.315259901937083,-0.06408680942641873,8.029402168500697,-1.027619855047238
-7.616436569518072,-0.11640909811658631,8.035507607664375,-0.9333607579747494
-5.571607562482711,-0.16998266922844563,8.026654651803803,-0.6729609192841474
-3.973051294517319,-0.19927468152813574,8.027012345200013,-0.4701346467027453
-4.11579812586416,-0.22914538783711152,8.027527458630923,-0.484165611149452
-5.881316031682815,-0.2727844882152862,8.028246903140527,-0.6985997828833038
-2.8427373462982644,-0.3015531232205423,8.024399030641812,-0.3166821855909715
-4.770861550735532,-0.34538953704187186,8.018495381487838,-0.551908033009618
-4.115912681767611,-0.3808615367640298,8.015311667538683,-0.4659895085714776
-3.1654071322056723,-0.4096276867243064,8.012232603175363,-0.3439465105380504
-3.426912070549122,-0.4428344456926825,8.007307060825516,-0.3726693134394168
-2.2149444655224215,-0.4722462524466534,8.000118304323825,-0.21783405529564376
-2.5726610426099796,-0.503101155810186,7.993134774391991,-0.2589171764537421
-2.2455269255543158,-0.5367083991871705,7.982537058190198,-0.21406960141999878
-0.004348451346771753,-0.5314241865218731,7.982446609086847,0.06602934676382335
0.690831115499293,-0.5407563458079047,7.9796258726788505,0.15434150434595997
0.6568541456791763,-0.5570679576007802,7.972930448176219,0.15225544875506059
2.8658923658075253,-0.5654563240209581,7.968192508915708,0.43063074668302825
-0.5327229629149315,-0.5958763168231257,7.953303688391831,0.007940518353444632
0.19013355904780838,-0.6204157247404379,7.941243622456693,0.10206830596358103
1.964781841508426,-0.6346711636498885,7.933330416339115,0.3276622639849467
2.8310017172108815,-0.6371921027580606,7.932122926682168,0.4372339980136454
2.127839003163899,-0.6366459295166053,7.932309295372627,0.3485094730601576
2.837291730821562,-0.6341097929878611,7.9333213689953075,0.4375722805553065
3.5228662402601856,-0.6302432890859919,7.935115913561159,0.523383599507159
2.6656432767285025,-0.6340871323206053,7.933276301185877,0.4159353946308235
1.8738699542378754,-0.6259561935835098,7.934798449336418,0.31504595406962654
-0.3254710773408078,-0.6221264449553839,7.934709297617096,0.03738704929034588
0.09410988090985484,-0.6183707784106933,7.934823890346556,0.08979161594088389
-2.555098043673354,-0.6439671759614986,7.93060854185162,-0.2409816166850733
-0.06467540033730756,-0.6652120567471697,7.9218176320165465,0.07580793756003089
-0.8288186077668911,-0.684576336141906,7.9162054904246295,-0.018221137867057542
1.4610034120115643,-0.6866157746748539,7.915583771654604,0.27131532539355574
2.3136129966902104,-0.6810265291181096,7.917209291810738,0.3782443302219965
-1.5631949388785529,-0.68668536689768,7.917328645904875,-0.11070774135847385
-5.444551841045211,-0.6956419234621625,7.921444574511363,-0.5995004917238832
-0.16532781629615556,-0.6827879287468287,7.919659289401286,0.06533868358998463
-3.862904756971318,-0.6817126721537075,7.919207248984958,-0.4017058759543588
-6.986028581889684,-0.7067517195276289,7.9291587257770315,-0.791922205056717
-5.1853866305219185,-0.7206019559956365,7.933938905776758,-0.562745028358542
-6.970345547125021,-0.7359183338877714,7.942292368916853,-0.7849657156460841
-10.355549234185162,-0.7513587025491127,7.957241740313351,-1.206974834379965
-9.736122250831272,-0.7748628162340567,7.9750493168724885,-1.1236619459691919
-12.406740335623113,-0.7991004044357796,8.001143397698897,-1.4507476437087294
-9.557854928330272,-0.8174775565211183,8.015966358237115,-1.0903710146971415
-10.38132864104037,-0.8316646179902601,8.029759573543476,-1.1892839300586817
-18.74352448241939,-0.8768421931539259,8.098362913725994,-2.206209141230637
-17.765199544419602,-0.9317495447323122,8.165762244304602,-2.061467073870313
-20.46185756587718,-0.981571319773049,8.246391609605737,-2.3622800332951313
-18.55462674052535,-1.0405131297504997,8.318674460691497,-2.105397163158008
-15.794053280024855,-1.0836792244469668,8.366948589668716,-1.7581527958402736
-15.055814319403765,-1.1151649298416908,8.404604000831984,-1.6586919964559983
-13.348373021417302,-1.1442141747880394,8.434250654815338,-1.4469760677152252
-17.989953041780893,-1.2056740627607758,8.500355253019638,-1.9745385315581636
-19.7445904240152,-1.2851178075388694,8.579641840029575,-2.1515434980456827
-20.570177411792002,-1.347208476168128,8.662296191005023,-2.219153964694155
-21.168518591575292,-1.4151196002541628,8.750246360736522,-2.2574677531317477
-15.196758040776615,-1.4557212347577126,8.790429671052863,-1.5631814735141483
-10.456222410331122,-1.4845321699923795,8.808036180738052,-1.0185800848500806
-9.713175423023387,-1.5220695729215068,8.822914187361384,-0.9283900620767055
-3.7186192532553264,-1.528276682544278,8.823911002146048,-0.24822808958276427
-5.005587253341304,-1.550889110103306,8.825497886581253,-0.39144512724780106
-4.7246300321912145,-1.5784327348022316,8.82452484175422,-0.35652880509808305
-6.032377940432525,-1.5978916727422314,8.828934656841584,-0.5022674241058052
-6.236810258875266,-1.628567455647177,8.831579901182414,-0.5217914410320984
-7.055556630597209,-1.666083273586168,8.834484796017172,-0.6100495367246276
-4.107744342939469,-1.6890860527112619,8.833260804029132,-0.2738126207170267
-1.1057458189409601,-1.67624905434537,8.831742476791089,0.06459690563936095
-1.718570230289231,-1.668958409478701,8.83094299649168,-0.0056179527860432815
-1.8077259532571759,-1.6814313504128717,8.828902116177527,-0.014304678110870642
1.8265235474216297,-1.6797683751143047,8.829525688803622,0.39710988405437525
3.3057217217526045,-1.664363213404011,8.8348434905808,0.562554949666673
4.692049629344922,-1.6344218688945087,8.843579647377307,0.7153745146758121
6.848375121491728,-1.5822562701569831,8.854729144365189,0.9521049434937986
11.13934665561456,-1.5116056887267089,8.884992133578354,1.4238563359589838
9.010637635327782,-1.4692143202727146,8.909673649547472,1.1762329764045596
6.535623424430014,-1.4345777403210678,8.923804272478035,0.8931393967628842
8.777136127190829,-1.3967192141199234,8.946871104194653,1.137141155028023
15.215607668456329,-1.3294477490919108,9.007828705833106,1.836741789598456
14.947061546587861,-1.2639551679297745,9.065977184935235,1.7881157633459723
12.649889527437551,-1.2009405368524941,9.10735165743447,1.5208405895893347
10.56774790711512,-1.1402821420713118,9.134696197503892,1.2817098451928504
9.282024711703684,-1.074336704537054,9.149761104905537,1.1318723295068651
11.018682227971539,-1.0004858122075233,9.172025789477049,1.3104158575271894
9.911114774020547,-0.9379090354514158,9.192522262623568,1.1802009828775357
10.483436376413579,-0.8789332837305122,9.217999919070978,1.232628526784499
10.472946990961844,-0.8219344921947412,9.24367504036978,1.2219037811074707
10.316219855802046,-0.757163330488127,9.264367145736635,1.1952660135437345
9.81265728568141,-0.6902416003968417,9.279615131532159,1.1318248372596156
9.050699038305595,-0.6410033022841591,9.298307047038632,1.04230827091007
6.8834407456358235,-0.5992167140887626,9.30840119723476,0.8038606524552738
0.849230289914658,-0.572232625463995,9.302680296665438,0.152801436795391
-0.83399355875747,-0.5545441626966271,9.297907778774684,-0.030055083649976784
2.8798036017214486,-0.5098360133617807,9.287178437251104,0.36498056304025567
2.953813644522114,-0.4676099634023181,9.278601996651657,0.3687434388455407
3.7568141554348244,-0.42037153757946594,9.269646406912784,0.45063053213110466
1.7873649848345963,-0.3955953880240323,9.267159978205171,0.235558723275803
0.15749963867307315,-0.3812246271722534,9.265190595756499,0.058144973951433324
-2.4786430096182244,-0.38278606585598773,9.265512050456246,-0.2261997968756658
-5.4842083828430646,-0.4034508222164746,9.27107994155871,-0.548022192954188
-6.456007709207967,-0.42432306790640606,9.278789364718776,-0.6500508206637549
-7.399786560430385,-0.44956991616143255,9.28911442157716,-0.7482108981373603
-7.144187448107459,-0.463131668751395,9.296409749431996,-0.7186705361996626
-0.7833621590289681,-0.45437258294006416,9.295058586846515,-0.03539402931300065
-9.985531559616163,-0.48604645391765133,9.313939422390511,-1.0199212894666194
-10.428252836560489,-0.5235866866378043,9.334931249829422,-1.0610325759071524
-8.7248299308132,-0.5551819345717907,9.34920749871553,-0.8738332096451837
-7.814016238203806,-0.6009013300004882,9.356448085510959,-0.7709244835519661
-7.743636637972514,-0.6612076121953416,9.353302539577388,-0.7572115833748257
-10.263571161081273,-0.7363799161202825,9.354053467852413,-1.0185093850172664
-10.422597253522895,-0.8205224304222739,9.345399344201201,-1.0274654372109508
-9.590336666330927,-0.9151883700347738,9.312742961913461,-0.9315352449622101
-6.445709830073639,-0.990128206961637,9.280780851493986,-0.5878364881586211
-2.08839658509379,-1.0408204022885494,9.251592304098311,-0.11323198735650947
-5.836333357203188,-1.0997813637144007,9.234537195722748,-0.5129170951504384
-2.4071999114179903,-1.1588740399941169,9.194826200116657,-0.13576394422855276
-8.545462995069329,-1.2355890846700783,9.175390012776367,-0.7966826369473713
-5.037182233714276,-1.3049984162238282,9.137499310414396,-0.4084469602352494
-4.397107925382386,-1.362848421972678,9.11059861537286,-0.3330472158316601
-8.320694324696774,-1.4383807836298832,9.088956450672718,-0.7572171325078246
-9.09502149991701,-1.5164490233716321,9.069800630845418,-0.835583138483934
-22.78921723840253,-1.6585629473055836,9.121493697166548,-2.316578292178271
-12.581974304414558,-1.7639510579144475,9.093516203698709,-1.1896413888942072
-9.925012736919712,-1.8477504911301477,9.070917229685268,-0.8904570553632777
-14.689155571814183,-1.9360789340310516,9.08720813446973,-1.4034097655811333
-12.390327117506502,-2.0026796432262595,9.102127700628563,-1.141232887071328
-13.26425508048436,-2.0772986803896916,9.11711378696646,-1.2270282746813133
-10.237632900048425,-2.1289518751883088,9.126359103830024,-0.8884902437662328
-6.601513950738706,-2.1669746035221,9.124948064003155,-0.4859796807732355
-4.662263820197381,-2.1872805385235616,9.124784047415666,-0.2712374636827474
-4.9934036046497,-2.2068033241972493,9.125506820295952,-0.3053638921462203
-7.202114389518641,-2.2378028483651655,9.129168580887768,-0.5437857234388721
-10.649720479208042,-2.2892402905419327,9.139938993379623,-0.9147194740273318
-11.947917705307987,-2.335332035554642,9.159299958279085,-1.0494891218257933
-4.2485733766519616,-2.3477959753500692,9.159759751315915,-0.20751389260278597
-4.471523651745997,-2.3727970780305983,9.156912353863843,-0.22919587876472597
0.6921626762408835,-2.371849107102135,9.157218449354172,0.3346007087511506
1.4431390487102362,-2.357998076068279,9.160350545569939,0.41495542183337003
-0.9247829713584679,-2.348137821702176,9.160551436786603,0.15537873021790505
-8.132461376655044,-2.370707286250076,9.167794405654954,-0.6284776725414956
-12.031330467115936,-2.398487061927919,9.18647432712807,-1.0485898139117198
-14.496278345472547,-2.4401880846425206,9.217515791283926,-1.3079543918145768
-14.89526206928079,-2.4756201990065794,9.248234564552812,-1.3429202929040056
-12.03792404949462,-2.5074065387360807,9.267336368736975,-1.0283987902834082
-12.051147313531203,-2.5507940449580513,9.286378045521065,-1.0230418384867812
-12.933287226656859,-2.5879111782886786,9.309171957572088,-1.1113100172086996
-14.862653764824472,-2.640160748162897,9.341040987168162,-1.3084722605812007
-14.139015111808249,-2.678903831448796,9.368475115294796,-1.2232632460804524
-8.664465441038573,-2.6888044954686174,9.373495697638486,-0.6375061277379618
-4.602776739450093,-2.6867859640414746,9.373026674218185,-0.20441537637770918
-8.038984399639247,-2.708412940813661,9.379085719903179,-0.5683465977407246
-11.011462580465775,-2.74346645624242,9.393591337082356,-0.8801741344212437
-8.795808764331184,-2.785096302794718,9.397088644295946,-0.6396356030104049
-9.826717158957592,-2.814494337277346,9.40751928633822,-0.7453848999133631
-11.603857938414706,-2.8357888879726834,9.421361879380907,-0.9306583445893691
-8.491720925611702,-2.8425651157175476,9.424826442138574,-0.5993909643403801
-2.6526812757505525,-2.8249169211941725,9.420985583847603,0.018282125995280174
-12.094396081386236,-2.8460298891556395,9.435820858868269,-0.9801337192130463
-11.714864483603833,-2.863906820142089,9.44838063612684,-0.9367698026071484
-17.636508496567558,-2.910183594912645,9.492135292429877,-1.5514238312004867
-18.869679853096386,-2.9663220443289964,9.544587028373419,-1.666217486570252
-21.026812306710212,-3.034404159659113,9.612011269579058,-1.8718671506342344
-16.489470506785807,-3.0964840194771814,9.648267720425244,-1.3881234305880492
-19.16087584479982,-3.1756157901530977,9.697992067043021,-1.6483061590625459
-19.421087216267267,-3.2475682934210295,9.751057798115497,-1.6586425039929469
-15.501026089316042,-3.2769094908177214,9.776828640747983,-1.2503151121571776
-11.51171959488397,-3.2946826884949694,9.787748698778973,-0.8395226685186636
-4.349165396179643,-3.2837854724621196,9.785028763614068,-0.1088785684186409
-2.4220714412130917,-3.2557014955194647,9.777271750669584,0.08526203173694982
-2.4283857436393816,-3.2320032933635314,9.771988477794755,0.0822368499052408
0.534366750529216,-3.175694606807705,9.752550046195019,0.38041961740913194
14.639778338240546,-3.0683639511582963,9.799266438497826,1.8070885612243242
11.531459988194257,-2.9825355534629674,9.832121500728052,1.4761814671007154
13.113605239747415,-2.914410750641462,9.88400704862598,1.6216111453114557
11.643324606592671,-2.8329558314045356,9.919139267171424,1.4594290944082402
9.526530114922025,-2.7487749311733216,9.933703803514753,1.235722877276861
9.698939498633933,-2.662630261326466,9.947193334288011,1.2427193625914583
11.111241806826058,-2.5771165024905844,9.972677286692635,1.3725861086051734
12.38155077910855,-2.4824473366104414,10.00106704685143,1.4862412226701875
10.514309284218655,-2.390288892548876,10.013444593646105,1.288727176356073
15.010848984715778,-2.2734739998153093,10.044131234178247,1.7208380278541027
16.02699937103688,-2.1555057263525397,10.083879194444208,1.8031260338191293
14.085022853532763,-2.0409016833896403,10.103749201735654,1.5960337311373725
14.286437125461816,-1.9191239302767054,10.11490541440751,1.6021465739714758
13.823721299955935,-1.8039565761514935,10.128318828220188,1.5429685953965593
13.1926143641615,-1.69459742938788,10.1409144452496,1.4680344532955931
13.940175242457627,-1.5911348566769898,10.166967760792986,1.5276246039677843
19.033020858275535,-1.478796108580078,10.237865953881531,2.0035246661027895
12.898257499672809,-1.3894873938709495,10.264801182780696,1.3919163790051374
14.727227618090183,-1.2691931159191356,10.275378933349627,1.5567718560812933
16.620816286922036,-1.1318748868372126,10.282343424349175,1.7265219066423967
12.527947668482199,-1.0318040295903228,10.29211824735818,1.3174889145442037
12.005756177151454,-0.9372729961523867,10.302066865841407,1.2563526661061657
13.667896676491694,-0.8370613639749526,10.320882587990338,1.4053989973052317
12.083412550996144,-0.7473783187073446,10.334618856149005,1.24153498530517
9.97797744897835,-0.6704208339020409,10.342019432734492,1.0296246639390514
10.092089537293077,-0.5777104054174499,10.333327399585803,1.0325618777101955
7.670043022798382,-0.5134138415841067,10.334041025120094,0.7918932046515064
7.484260484254889,-0.46736564893909993,10.343755973681493,0.7687368257164994
7.055696362582353,-0.4238066826362554,10.352262643653257,0.7224993513668364
6.5438314038129874,-0.37366256547187254,10.355298741715382,0.6680149111892216
5.210466223420212,-0.33460215524169623,10.357733478715488,0.5353553834974308
-1.1820865581953512,-0.3474937425807632,10.356754624749065,-0.08058439596707251
-7.21530530024603,-0.38305903376939365,10.364918327262822,-0.6591702945218385
-9.340462591026778,-0.4301412318931166,10.378597830113181,-0.8585284356313181
-12.908405622128441,-0.5025771997033657,10.40180144891815,-1.1926615291926532
-12.879557534375863,-0.5661841541687568,10.428355270871172,-1.1807589078405516
-2.693800798031816,-0.5864241070222078,10.427512008967495,-0.20209774768873895
-1.9066784107786816,-0.6018845908073013,10.426565984575795,-0.12514128063847532
-2.7568758041267074,-0.6062295335271567,10.42723760970325,-0.2062527345304023
-2.729756148173294,-0.6129913804015006,10.428063224249648,-0.20298733544781566
-6.039929827776518,-0.6441735179923358,10.432512622077597,-0.5172058261751364
-4.630958615665691,-0.6664899615764719,10.435011657585054,-0.37991990657791985
-8.994626509703153,-0.7138852991489201,10.445643132008628,-0.7927459425815078
-5.24602593034308,-0.7641168069243514,10.436842095864815,-0.4294315351570288
-6.803101938618681,-0.8265723638967805,10.42565137539312,-0.5732523906206813
-4.875188586601439,-0.8770234652823126,10.414308354356201,-0.3839107682697655
-4.042465032892892,-0.932029317431485,10.394176441054679,-0.2992479234021735
-10.260960132848368,-1.0124101616503558,10.387658435036748,-0.890340207953256
-5.418918901071606,-1.0944319437130923,10.340228720855453,-0.4182196616827589
-2.3661760970514933,-1.1743950379222068,10.271337500573189,-0.11602978278756584
1.4698489943535833,-1.2374704158370278,10.205630806108784,0.26527702810590514
2.2479640120949966,-1.3026285193091696,10.130176267236342,0.3504966189865538
9.786629552149634,-1.3209510571134007,10.10580086531905,1.0991291791016662
15.49475443325943,-1.333965794503584,10.081901535741272,1.6692010101570272
20.157708393854364,-1.3453979894421244,10.055754035453536,2.1383882608388256
16.008869546743313,-1.3671933232939562,10.01189433400716,1.73554197540983
19.64246850626671,-1.3663466297403186,10.013668922678608,2.098013754821372
1.326013201314879,-1.4346655861612563,9.935725647986962,0.27785376582287835
4.060983247734725,-1.4754381448541845,9.891736559028185,0.5597016620439431
0.6618065073056414,-1.5576861119900636,9.78647988751529,0.22679172131412992
3.323934334789925,-1.626165713286461,9.690860794095455,0.5108008620960104
6.187627460964251,-1.670417343470924,9.629178649859137,0.8160659481117976
9.29098454370785,-1.6866921663970358,9.607059445691226,1.1426677197285777
7.952074144937001,-1.70683148700217,9.581376955590374,1.0080916006862208
1.714747311616918,-1.748734093648198,9.543002745144067,0.3629341306673626
7.838985734978934,-1.7568675860425236,9.533913843064141,1.0064967524331445
5.490503826901829,-1.7701884380988862,9.521375379677107,0.7625675887643601
5.6706396749623025,-1.781239672903457,9.511069933592061,0.7834953795835876
2.30214788807217,-1.8074306640427416,9.490598602281182,0.43301573739796817
8.083840559395071,-1.811579762964675,9.486025634611075,1.043157661966982
4.4028784600317294,-1.8304535385370868,9.468826992283546,0.6583003368472738
1.0111691869143442,-1.8551188448388385,9.453222437202243,0.30320750948091346
2.352393702341516,-1.8654008335844863,9.447205565525461,0.44645948547128966
-2.6299465250037883,-1.895715385361147,9.437309212393508,-0.07780089887045508
-1.6432013614520429,-1.9074816725666774,9.435129724963355,0.028010246686423913
2.8010441538088457,-1.8893009842709727,9.439788364839169,0.4968697344476674
3.9856556852619747,-1.8606145109543335,9.446638776902295,0.6188730546690168
3.7921548116016197,-1.8220588984583534,9.449815922548906,0.5941082615867133
1.5901458807064728,-1.789418038448539,9.447329591353,0.3577268990645014
-0.10734149028962747,-1.7599080199841015,9.44089548450023,0.17504340900792797
4.966225867268349,-1.7145472788200515,9.445660246299587,0.7072849299979477
7.561258559685257,-1.6515452214326611,9.454402162561442,0.9744459377452516
10.735998816834211,-1.5787180968836445,9.478924104421042,1.299168215512368
7.361818091270834,-1.527394979210019,9.492223024328455,0.9364732631858633
9.084452175671714,-1.4755794892489518,9.514432372926594,1.109896129481075
12.92051538092764,-1.4079750705712062,9.556032143268494,1.4994184026047035
4.584586030029641,-1.3664437131834584,9.559255475598869,0.622541133920294
8.052158824679992,-1.323209998219259,9.57717245308506,0.978928683682541
7.685691021282196,-1.2737792340445855,9.591442596312525,0.9341108144432091
2.4054804371214686,-1.2479006899220098,9.592541301881019,0.38085643960970805
3.888289561523493,-1.219909830026259,9.597213902237094,0.5322585745805914
-1.8563794886462688,-1.2136775578758512,9.59628489551303,-0.06697403607420285
-2.845368131797983,-1.21617923909123,9.596629125640579,-0.16976678700168105
-5.209462637906597,-1.2266427374852644,9.599551079642923,-0.41489647457237994
-4.846186652792255,-1.2369628157679546,9.602048409396165,-0.37588061246311405
-4.006200181191815,-1.2528431797752764,9.603310877918677,-0.2867091398392044
-2.2987286572150083,-1.2647065122066823,9.602746759029335,-0.1076798306730362
-1.2848148722619328,-1.2724115479921627,9.601977743485703,-0.0012917468256146408
-2.972959721762578,-1.295581595958711,9.598996283333596,-0.1747451583783026
-5.898206958083136,-1.3168731991141402,9.603247107863032,-0.4770609052866973
-7.458704320382196,-1.3472257303817194,9.610549890210137,-0.6359135179378219
-7.846054669197855,-1.3861576212972206,9.616949138995718,-0.6717199971149302
-8.029846330682716,-1.429256224661878,9.622309625680483,-0.685967336615823
-10.11081275258428,-1.477822303057704,9.635161700484502,-0.8959881232810518
-3.4811479799711265,-1.5028954765132305,9.632108545048546,-0.20538104343465177
-5.912432627839223,-1.540337138688228,9.630832942490311,-0.4539685731502754
-9.497773574892847,-1.5886046658772017,9.640145177535267,-0.82044085056381
-9.659602591529449,-1.6343724140746911,9.651013318385802,-0.8315427523207514
-10.390163954177666,-1.6743116715224564,9.66638840469815,-0.9016658464105424
-11.348689391709001,-1.71971960514396,9.68490671507936,-0.9942243193290417
-9.96499912193724,-1.7491239745021498,9.698691913223302,-0.8471116745376227
-9.620056710625136,-1.7870421543048796,9.710751572992068,-0.8066331938823098
-9.771593404210307,-1.8225293558780673,9.723567753984835,-0.8175048757257456
-10.90830467583038,-1.8716139117822024,9.738135660185904,-0.9279692827647119
-9.869352598422864,-1.9199590133501112,9.74751199909496,-0.8155305257188543
-11.958792914214143,-1.9612113862681095,9.767972218314243,-1.0235063434354665
-3.1512230697196344,-1.9521108752707859,9.76578203597489,-0.12278711423535725
2.1260160765526166,-1.9430182407753542,9.768518603757178,0.4165456895135496
2.8251614657335438,-1.9164782954471604,9.772366307709511,0.4852089669868372
1.3520110413570308,-1.883390836624753,9.76924839278875,0.3311822719514453
-0.32905478121580245,-1.8641196784925858,9.767498538249782,0.1571604941905472
2.23336295550979,-1.8275970257043521,9.765536325081298,0.4158460780883261
7.182731331507597,-1.7580006742531906,9.7670129588519,0.915400854225114
8.931038979500812,-1.6839246376248884,9.77704695398422,1.0857024280526775
10.589791370806438,-1.5926685594247711,9.783883647688903,1.2451558469942439
17.914139559630087,-1.4836527082820716,9.84762306211547,1.9697943499215451
19.64599177669575,-1.3644966748783567,9.920924600275667,2.117795396911927
13.372225009326428,-1.237053224514286,9.903047619876963,1.4752305345394494
5.572939050652906,-1.1444415634227285,9.856882923483578,0.6814913666136562
7.995046501891636,-1.0315173409315825,9.797521352962459,0.9213109640321296
7.410852923687514,-0.928479723216452,9.74891687141136,0.8554111966385731
-8.546904305130823,-0.899721195538301,9.715521962957686,-0.7871098576843214
-2.7919185607058523,-0.8510549425275951,9.674960848140165,-0.20060687052303194
-3.369705486994917,-0.8114570554862364,9.643978619699947,-0.2652689862131067
-3.9908396588398887,-0.7559050182523435,9.58476906347648,-0.3375078334348732
-8.107248281438785,-0.7097250891151355,9.52073684766475,-0.7769906164498305
-8.899722601507591,-0.6634137605028958,9.451880644938456,-0.8713936570300739
-7.856422553046457,-0.6105879825722258,9.373699497322882,-0.772996251111275
-9.432152130152986,-0.5877125622919733,9.344951675900539,-0.9464403749320305
-3.3322364298386447,-0.5594427766550983,9.325734883219454,-0.2973270941009547
-1.7145310034077568,-0.5277021241963061,9.308050671775593,-0.12750563152929767
-1.01784618044627,-0.5169847707327782,9.305916589943537,-0.05382182452126736
-1.5458771126028523,-0.5032557622377843,9.30181932835134,-0.1120878952343469
-1.691941659740678,-0.49122128456932984,9.298297197440705,-0.12913336169786427
0.6830740584203738,-0.46457266552626275,9.291974135857169,0.12350946173191948
8.203559289980774,-0.407269611760961,9.300757568037785,0.9258201645135874
3.9459497216252544,-0.363612840521983,9.295245204043363,0.4636308636885243
3.103605989218522,-0.33499637094992746,9.294773015225294,0.3699501165370957
3.29328168028087,-0.3175399126196821,9.297450216373074,0.38836686498646616
1.1166960608613579,-0.3062888559087671,9.297463553168066,0.15305087335193152
-4.028615680829802,-0.31510191038326163,9.299944692025214,-0.39930493066597605
-7.225124223858245,-0.35102114757088015,9.309115720613834,-0.7384270732681464
-6.146275462859677,-0.3885290729066432,9.313364254889269,-0.6182241166966459
-5.190239503524708,-0.42774450597358615,9.312691891050749,-0.5113983210512691
0.5917878655110655,-0.4525722331798586,9.301549797451058,0.11227807423845802
-2.299670483696673,-0.5059016662723635,9.273306694691687,-0.1934335697590068
-2.4815377425086353,-0.5515055368193335,9.254559124209502,-0.20854934090165636
-2.9693646991401863,-0.5892237436588977,9.244923910396276,-0.25745381774367315
-3.97198351277126,-0.6398154882619219,9.22833254494519,-0.3610801852101147
-2.573504513381522,-0.7104072032692149,9.174445163247789,-0.20307465759082083
-2.2553593368945712,-0.778670778203669,9.121324279182936,-0.16189409711713265
-7.055615005677396,-0.856867224763649,9.090157236493827,-0.6819186532910483
-6.784167142426895,-0.9257240305157999,9.068967018971156,-0.6459879167777275
-5.24232739004924,-0.9833603483798987,9.049968558989336,-0.4706057279545915
-4.196267206880265,-1.0437371318515327,9.020282540641144,-0.34949349544483965
-3.411084671474896,-1.096603002666991,8.994826100199589,-0.2573125531305767
-2.9660096685875033,-1.1499738203058842,8.965696156693232,-0.2025538024647288
-3.497135554770665,-1.2054106558048228,8.936685888916022,-0.25644013087762424
-7.043709724917278,-1.2742992652521217,8.914399222702249,-0.6472012656750028
-5.618824767652427,-1.3355353051463037,8.890906815025101,-0.48176069681302025
-7.981137662715213,-1.403121958721783,8.87636264481507,-0.741071085895283
-10.031819306596276,-1.470246006548101,8.877406556633717,-0.9644228013473674
-11.2706031958096,-1.5183405838724036,8.89759788358479,-1.0960556702533366
-12.256668939507875,-1.563668660780143,8.923156872125707,-1.1983427425926678
-14.31877900615791,-1.6319170044622042,8.954751123603252,-1.416774383405835
-12.751986701434475,-1.6942416090096508,8.977334819494617,-1.2317403009646604
-11.827155339728648,-1.756082757799982,8.993296719458446,-1.1198421331010104
-10.1475615323846,-1.8034435773127566,9.005978869121892,-0.9265087200771345
-10.999914245618186,-1.8477190292345473,9.023708762640844,-1.0142387633646537
-20.383232704516388,-1.918768988341286,9.09887089879009,-2.029313738106823
-20.35539626860532,-1.9777816386816125,9.170034266149163,-2.0040944337322686
-21.432738040189605,-2.037213108249,9.247379809748708,-2.0974076258329513
-22.352829317740856,-2.0965505795081687,9.329536304516306,-2.171198876028478
-14.485958116949377,-2.125684590098811,9.356785263637624,-1.3209957457167592
-17.501074493520377,-2.1920247184102855,9.406363612260003,-1.6275205176160408
-5.490930719249917,-2.174189000789784,9.39578244059204,-0.35300324793931065
-5.639704974454361,-2.155186826733807,9.383857437819659,-0.37133110459211993
-8.069834392980681,-2.1525876380916142,9.38212104617714,-0.6306939257941169
-15.055148504013943,-2.1813222899400677,9.410574974346117,-1.3680169648686527
-16.618632360697887,-2.216540526935009,9.448006867903805,-1.5243523882998846
-18.98183323265465,-2.2511368049968086,9.493443322569366,-1.7623422670974287
-20.981181335738313,-2.2930359481802034,9.552766313111736,-1.9563071863181167
-11.920393276709348,-2.3022822045705937,9.56098172740248,-1.0059752592741118
-10.133563369124971,-2.316916544011274,9.570167015409906,-0.8167722478121138
-11.51407832992814,-2.3543200429987117,9.587673710613787,-0.955368169944014
-17.384920256946373,-2.4001477687913435,9.631881937279688,-1.555747110038513
-15.956695153461851,-2.453915607053422,9.669665873269478,-1.3964060106497673
-5.074532094934938,-2.4401420717354285,9.663424458278689,-0.2726145410018307
-8.163690557081594,-2.45254885079641,9.668777622126303,-0.5906787734176083
9.531801459643418,-2.397275400855831,9.697388213856685,1.2301329592491392
11.708485625453932,-2.3177945280377727,9.730669374700167,1.4414506971082757
26.37775882685864,-2.177029526741044,9.8875506651954,2.887953682413356
24.39074696575412,-1.9898074465658195,9.942229449251363,2.6533841878198015
18.347487586792,-1.8670714866800788,10.001682118513346,2.0211159316945757
17.708341625692356,-1.7574153185744754,10.064271775415088,1.9341446036679582
15.514368362919527,-1.6375600648652149,10.089469425095183,1.6999831909023237
13.600734167619748,-1.5344209327813805,10.111933037718908,1.4967618005325893
10.994592689501587,-1.438155663852865,10.115291670085732,1.229104286742636
8.318074242623084,-1.3645219053502002,10.118518271404703,0.9569183835282137
14.042017833220768,-1.2826031284297261,10.159432588846052,1.5084130759896233
7.812134202131858,-1.2331015489760384,10.173280827319804,0.8891168841832614
11.198393567076153,-1.168848385596174,10.200532789333089,1.2124113718456953
11.807398750108973,-1.0934138096452706,10.22599548183875,1.2615703363712547
16.20399091111318,-0.986851462858282,10.26585500029286,1.6745650872217708
6.933978200414117,-0.9119233045022417,10.254434913528378,0.765122756258903
6.204935930558889,-0.8704411247117225,10.262024353474727,0.6894718635972527
3.0532958018144996,-0.8405807300547364,10.262452027088571,0.37942945034880887
-1.1213656169055355,-0.8477772709005555,10.262008767567673,-0.026660311075706333
-0.5784505882950839,-0.855799451999783,10.261000866056234,0.027029416265052595
3.2348725681919746,-0.8392928823983923,10.26423470022015,0.3969283214561513
2.0544982834651933,-0.7988684393026771,10.25545330159827,0.2782292151165259
2.542950670124526,-0.7410339903453736,10.232927008205825,0.320923295733123
-2.170081806618498,-0.6921205120165878,10.196309014481306,-0.14495061816024168
-2.3372462607321154,-0.6422871159509185,10.157229187628834,-0.16687219648894017
5.843715902177763,-0.5713282272538058,10.13974750190622,0.6326631041084183
7.008984240827942,-0.49569278457777743,10.124851599793539,0.7412135330021776
3.721145897063167,-0.42960376424555513,10.09766153694125,0.41106048624462543
0.4025415879452794,-0.36902759221075454,10.056436309625568,0.07672391654462353
-7.522171950582106,-0.34277027807890476,10.02894037393917,-0.715868417281583
-7.34862273550516,-0.33754868004107375,10.024932144209878,-0.699363741779887
-7.698230896512825,-0.34983222828338617,10.032073035666919,-0.7324905472780908
-5.594833788106712,-0.3401332179201618,10.025789079244873,-0.524118403913433
-17.243614675743345,-0.3648639802030093,10.059845705690464,-1.677833953854052
-20.813182427819555,-0.41255197093113777,10.12822261226356,-2.01423598570856
-22.581870850345013,-0.4631676601826752,10.207022579914769,-2.167008353022281
-28.495616815962876,-0.5301984493792948,10.335137480998627,-2.7058583805003664
-13.120103932988627,-0.5485650486149176,10.353438643288966,-1.2142380244386248
-23.308792061794094,-0.6305337422103284,10.451467062045767,-2.1698636358850782
-25.421109302290148,-0.683417524832963,10.543019788392865,-2.3463573315770185
-22.896262866160328,-0.7277881533351713,10.612927804290393,-2.0888180077756964
-22.240687872626268,-0.7460587064147695,10.646064175778253,-2.0190211904898825
-18.49526213257053,-0.7445729218095081,10.643550562672669,-1.6677413337061937
-15.342449693723239,-0.722015927313528,10.606353403643496,-1.3784599861991491
-12.546432312433808,-0.7063689503518138,10.585888593454992,-1.1184760974532104
-11.646338927372511,-0.6765493594096419,10.544198458376517,-1.040362585289568
-10.103100405897692,-0.6395732212732547,10.49442425008513,-0.9017671631245202
-3.388939892673619,-0.5915093871595943,10.453745989408093,-0.26760077280894595
-4.69066321664971,-0.5644417031189821,10.434170333737537,-0.39545276543829516
-1.3092441752213517,-0.5523785236707349,10.431534224420634,-0.07255554506821867
-13.735994817560396,-0.5972750450054465,10.463910184994278,-1.2556223763652397
-12.967944323487671,-0.6390986901635746,10.492282725645598,-1.1750394033120655
-13.682201790848467,-0.6955136446928512,10.524119648015441,-1.2339928260512076
-12.915492165040405,-0.8048599562138073,10.507287229067495,-1.1525936185815486
-15.493646743812661,-0.9121024432455808,10.518784514125809,-1.386238522234707
-16.387586146333945,-1.029170663031618,10.526227575388559,-1.459061698344043
-14.344998259450733,-1.13229892837306,10.52888404485851,-1.2549002605389818
-12.692561846371177,-1.2204699282194615,10.532302270299931,-1.089229270460828
-8.922096677768877,-1.2943629289194727,10.5207029360598,-0.7250213027786653
-5.291336722506685,-1.3594525262580948,10.494352852671204,-0.37466666610583604
-4.592336291652032,-1.4268092209833352,10.460223453990595,-0.3026251862201894
-6.641840979671571,-1.4948891823479786,10.438001977642578,-0.4930974154199222
-7.755745097456668,-1.5852328096581874,10.392999734586537,-0.5937181223303438
2.6649924347073295,-1.6382566467071138,10.336719543588663,0.41630703660558616
0.13806564268392663,-1.6936017150041331,10.289427600912326,0.1780145046674562
0.0625415301823864,-1.7500457451441307,10.24031404226208,0.17700504768173278
-1.399416434443026,-1.810455021867936,10.192867800754888,0.04032609815605265
-9.02261642903619,-1.8986106996187206,10.158602391040791,-0.7012781340571383
-10.522313360798819,-1.9956840670919602,10.123465756302865,-0.8422638549844634
-7.721633527765363,-2.1018533305286304,10.04201608167046,-0.5596266876622945
-10.125511296304438,-2.1932174924174292,10.009683767011794,-0.7924619786719844
-8.435483445136555,-2.2851330125095988,9.959913969624589,-0.6175103973170941
-10.614802387493143,-2.3932108643921985,9.901542469617203,-0.8303344199480864
-9.357569785033405,-2.4800581558744037,9.86606259797647,-0.6970877754789008
-7.271986957232855,-2.5565571365664046,9.827959551420012,-0.4797974387252268
3.612170683222132,-2.596460811142871,9.7821296262056,0.6346911901200469
-1.568946541255599,-2.6506368392867277,9.738211289540285,0.1110768975810744
-3.0912488728982623,-2.7024988485005235,9.705433846395923,-0.040054883743512376
-0.45331376162050674,-2.7443456869882756,9.672726893093756,0.2368548136103735
1.5706020852031486,-2.7685498176930188,9.65417662088868,0.449458516587274
1.1663563925432356,-2.7936208656760013,9.635630602563724,0.4109722987061809
-0.824652544628492,-2.824892091498267,9.61630649718344,0.20800497025085807
-3.3007174562671366,-2.86395776157795,9.59807414666387,-0.04550493026155636
-2.0339568061404236,-2.8927054720127146,9.584633322341851,0.08959640259482243
-4.482163836801618,-2.9058010167690886,9.584541239018826,-0.1644693033001027
-4.716964459155804,-2.895886965812381,9.581357404632728,-0.19006466583355977
-4.105174680671894,-2.8751120137871635,9.573000274359767,-0.12849291043888492
-4.497007833861062,-2.8417334511353083,9.552519682313536,-0.17328144173212118
-4.360949133395138,-2.807929449544115,9.531907173086134,-0.16292853629922666
-8.272260623907698,-2.8300661948848926,9.538116705939888,-0.5705732690011712
-6.656011286966844,-2.848912753917385,9.540976619140602,-0.39902608349462465
-7.621473350349561,-2.8682167124341427,9.545709681553625,-0.49794690981444095
-6.037837982601133,-2.88134402130092,9.547792929485487,-0.33059933165834904
-3.9542337210700964,-2.8730674494489103,9.545947800422235,-0.11325918538684698
0.17822855146079064,-2.8539833733888846,9.54722658849408,0.3176013365498176
0.09705091196110516,-2.8179052883822804,9.54110555820158,0.3055155592359709
-5.871970431550778,-2.820389195133105,9.541821658813257,-0.3198111791996338
-3.5399512794124064,-2.8074401845806984,9.538608904261308,-0.07679433156175045
-5.967380366123166,-2.81177427894388,9.539800235485728,-0.33078324590500346
-5.793756283920061,-2.8187238474003373,9.541338110572083,-0.3118045290967417
-10.09092240232522,-2.818049094501436,9.540815705136547,-0.7622905139974816
-13.840473029972884,-2.851467960092314,9.564681485365826,-1.1489148997479937
-19.674844415626524,-2.920153151832691,9.623151811796099,-1.741081465976237
-15.803890105328321,-2.9886997355615876,9.653231040997717,-1.3275545063968768
-9.643197318928458,-3.0358868837005692,9.656593815424774,-0.6842278510952619
-6.244090126948663,-3.0995008506811184,9.624536351593866,-0.3267263129768102
-5.917032837764509,-3.184468260486769,9.553983660195776,-0.2860131097630269
-0.7196738425868148,-3.2673150153932817,9.440612851880532,0.26985972338638875
-3.712513532707163,-3.345574472057767,9.36159430941116,-0.03919621471745622
-4.893865307921487,-3.442940876082324,9.248464828236612,-0.1568827323005356
-3.5272010532370928,-3.462199662806736,9.243546307104614,-0.007032083604146207
-2.5977823818347474,-3.4886233359399488,9.231464301002621,0.0965005036100771
-2.540241726571935,-3.501329876550574,9.227931765348846,0.10414989776881026
-9.220272802506997,-3.551108476301752,9.224800613209045,-0.6145568412706435
-7.598785338329606,-3.605816463600537,9.207679113325414,-0.43365638893197506
-11.305225429668042,-3.687547455558378,9.184125853663648,-0.8294396326320908
-11.737698918890487,-3.765681475652932,9.168449233493675,-0.8695055445270525
-11.75812363378165,-3.8191452492457834,9.175643212594274,-0.8652230912421497
-13.30741046505591,-3.903059519880842,9.165290534040873,-1.0260832332860916
-17.795161200958262,-3.9954629525310805,9.187563041560649,-1.501997666410906
-17.98076245137341,-4.089317722873682,9.209205346249652,-1.5084303374945227
-19.38913912090402,-4.175394258623588,9.250507002746144,-1.644639029813611
-8.056681982882026,-4.239443951251671,9.221118061068953,-0.4139669404891931
1.1185181549104186,-4.252477127065644,9.211169991991902,0.5830958810493728
3.8046114466412178,-4.241392038733395,9.219207073736362,0.8727435473595156
24.915483598142885,-4.15185596771831,9.391456599527276,3.095083202250471
26.411213952915375,-4.036613267409107,9.586366060376893,3.176159456936846
24.694849410721503,-3.9320971929163555,9.75466335561518,2.9346934445624946
25.165728138244674,-3.843348446946372,9.916560490314946,2.92531635475051
20.742544771016952,-3.7768528553362333,10.024857500024781,2.4458599662182303
29.174440105565083,-3.6761295009951085,10.226689747999998,3.212238800241757
31.284424602618884,-3.5582950616224402,10.45610987472904,3.3322832374257385
30.085902750105163,-3.438480600351032,10.666680078910883,3.1429069872206377
29.89509345399074,-3.3395565226259434,10.858803328879993,3.0606180966760905
30.40881735652647,-3.2488916067654623,11.043984777574476,3.0476055193082194
29.859589692673467,-3.173004341385148,11.204991893799967,2.9480248042246653
30.15261995704938,-3.0825646514415816,11.380956036503182,2.9202454083727862
26.566138028993322,-3.01319288218237,11.50798488997371,2.570331052219801
21.935304214491623,-2.9774199106206076,11.571548556658927,2.1529291436776656
19.512834135411993,-2.9181808308373447,11.648372147150441,1.925678084704451
18.75645492271707,-2.8757034653689435,11.707901575704177,1.8476546158345148
15.731777655304938,-2.8437745501545675,11.747722197330075,1.5812045853179268
11.34736160240277,-2.8082908947367846,11.77710818203749,1.2019633579260005
9.938838776758416,-2.784280778803313,11.796965882230081,1.0785077860339263
